{
    "n_estimators": 385,
    "max_depth": 10,
    "learning_rate": 0.03404049275071469,
    "subsample": 0.8595453225871547,
    "colsample_bytree": 0.7069665747632536
}